#spec;afo id;file

BSI-eRp-ePA;O.Arch_1;doc/manual/requirement-notes.md:77
BSI-eRp-ePA;O.Arch_2;doc/manual/requirement-notes.md:78
BSI-eRp-ePA;O.Arch_3;doc/manual/requirement-notes.md:79
BSI-eRp-ePA;O.Arch_4;doc/manual/requirement-notes.md:80
BSI-eRp-ePA;O.Arch_4;Sources/eRpLocalStorage/CoreDataController.swift:100
BSI-eRp-ePA;O.Arch_4;Sources/eRpApp/Session/KeychainStorage.swift:35
BSI-eRp-ePA;O.Arch_5;doc/manual/requirement-notes.md:81
BSI-eRp-ePA;O.Arch_6;doc/manual/requirement-notes.md:82
BSI-eRp-ePA;O.Arch_6;Sources/eRpApp/Screens/Main/MainView.swift:105
BSI-eRp-ePA;O.Arch_6;Sources/eRpApp/Session/Helper/DeviceSecurityManager.swift:66
BSI-eRp-ePA;O.Arch_6;Sources/eRpApp/Session/Helper/DeviceSecurityManager.swift:120
BSI-eRp-ePA;O.Arch_6;Sources/eRpApp/Screens/Main/DeviceSecurity/DeviceSecurityRootedDevice/DeviceSecurityRootedDeviceView.swift:26
BSI-eRp-ePA;O.Arch_7;doc/manual/requirement-notes.md:83
BSI-eRp-ePA;O.Arch_8;Sources/eRpApp/Screens/Settings/TermsOfUse/TermsOfUseView.swift:29
BSI-eRp-ePA;O.Arch_8;Sources/eRpApp/Screens/Settings/FOSS/FOSSView.swift:27
BSI-eRp-ePA;O.Arch_8;Sources/eRpApp/Screens/Settings/DataPrivacy/DataPrivacyView.swift:29
BSI-eRp-ePA;O.Arch_9;doc/manual/requirement-notes.md:84
BSI-eRp-ePA;O.Arch_9;Sources/eRpApp/Screens/Onboarding/OnboardingLegalInfoView.swift:95
BSI-eRp-ePA;O.Arch_9;Sources/eRpApp/Screens/Settings/SettingsLegalInfoView.swift:48
BSI-eRp-ePA;O.Arch_10;doc/manual/requirement-notes.md:85
BSI-eRp-ePA;O.Arch_10;Sources/eRpApp/Screens/Main/MainView.swift:101
BSI-eRp-ePA;O.Arch_10;Sources/eRpApp/Screens/Main/MainDomain.swift:302
BSI-eRp-ePA;O.Arch_11;doc/manual/requirement-notes.md:86
BSI-eRp-ePA;O.Arch_12;doc/manual/requirement-notes.md:87
BSI-eRp-ePA;O.Auth_1;doc/manual/requirement-notes.md:122
BSI-eRp-ePA;O.Auth_2;doc/manual/requirement-notes.md:123
BSI-eRp-ePA;O.Auth_3;doc/manual/requirement-notes.md:124
BSI-eRp-ePA;O.Auth_3;Sources/FeatureCardWall/ReadCard/CardWallReadCardDomain.swift:210
BSI-eRp-ePA;O.Auth_4;doc/manual/requirement-notes.md:125
BSI-eRp-ePA;O.Auth_4;Sources/FeatureCardWall/Introduction/CardWallIntroductionView.swift:143
BSI-eRp-ePA;O.Auth_4;Sources/FeatureCardWall/Introduction/CardWallIntroductionDomain.swift:224
BSI-eRp-ePA;O.Auth_4;Sources/FeatureCardWall/ExtAuth/CardWallExtAuthSelectionView.swift:29
BSI-eRp-ePA;O.Auth_4;Sources/FeatureCardWall/ExtAuth/CardWallExtAuthSelectionView.swift:65
BSI-eRp-ePA;O.Auth_4;Sources/FeatureCardWall/ExtAuth/CardWallExtAuthSelectionDomain.swift:144
BSI-eRp-ePA;O.Auth_4;Sources/FeatureCardWall/ExtAuth/CardWallExtAuthSelectionDomain.swift:146
BSI-eRp-ePA;O.Auth_4;Sources/FeatureCardWall/ExtAuth/CardWallExtAuthConfirmationView.swift:28
BSI-eRp-ePA;O.Auth_4;Sources/FeatureCardWall/ExtAuth/CardWallExtAuthConfirmationView.swift:89
BSI-eRp-ePA;O.Auth_4;Sources/FeatureCardWall/ExtAuth/CardWallExtAuthConfirmationDomain.swift:109
BSI-eRp-ePA;O.Auth_5;doc/manual/requirement-notes.md:126
BSI-eRp-ePA;O.Auth_5;Sources/IDP/PrivateKeyContainer.swift:150
BSI-eRp-ePA;O.Auth_6;doc/manual/requirement-notes.md:127
BSI-eRp-ePA;O.Auth_6;Sources/eRpApp/Screens/Settings/Profiles/Edit/EditProfileView.swift:499
BSI-eRp-ePA;O.Auth_6;Sources/eRpApp/Screens/Settings/Profiles/Protocol/AuditEventsView.swift:30
BSI-eRp-ePA;O.Auth_7;doc/manual/requirement-notes.md:129
BSI-eRp-ePA;O.Auth_7;Sources/eRpApp/Screens/AppAuthentication/AppAuthenticationPassword/AppAuthenticationPasswordDomain.swift:27
BSI-eRp-ePA;O.Auth_7;Sources/eRpApp/Session/Helper/AppSecurityManager.swift:116
BSI-eRp-ePA;O.Auth_7;Sources/eRpApp/Session/Helper/AppSecurityManager.swift:170
BSI-eRp-ePA;O.Auth_8;doc/manual/requirement-notes.md:130
BSI-eRp-ePA;O.Auth_8;Sources/eRpApp/SceneDelegate.swift:196
BSI-eRp-ePA;O.Auth_9;doc/manual/requirement-notes.md:131
BSI-eRp-ePA;O.Auth_9;Sources/eRpApp/SceneDelegate.swift:359
BSI-eRp-ePA;O.Auth_9;Sources/eRpApp/SceneDelegate.swift:340
BSI-eRp-ePA;O.Auth_9;Sources/eRpApp/SceneDelegate.swift:368
BSI-eRp-ePA;O.Auth_9;Sources/eRpApp/SceneDelegate.swift:66
BSI-eRp-ePA;O.Auth_10;doc/manual/requirement-notes.md:132
BSI-eRp-ePA;O.Auth_10;Sources/IDPLive/DefaultIDPSession.swift:793
BSI-eRp-ePA;O.Auth_11;doc/manual/requirement-notes.md:134
BSI-eRp-ePA;O.Auth_12;doc/manual/requirement-notes.md:135
BSI-eRp-ePA;O.Auth_13;doc/manual/requirement-notes.md:136
BSI-eRp-ePA;O.Auth_13;Sources/eRpKit/SecureUserDataStore.swift:30
BSI-eRp-ePA;O.Auth_13;Sources/eRpApp/Session/KeychainStorage.swift:36
BSI-eRp-ePA;O.Auth_14;doc/manual/requirement-notes.md:137
BSI-eRp-ePA;O.Auth_14;Sources/eRpApp/Screens/Settings/Profiles/Edit/EditProfileView.swift:237
BSI-eRp-ePA;O.Auth_14;Sources/eRpApp/Screens/Settings/Profiles/Edit/EditProfileDomain.swift:329
BSI-eRp-ePA;O.Auth_14;Sources/eRpApp/Session/ProfileSecureDataWiper.swift:56
BSI-eRp-ePA;O.Auth_14;Sources/Profiles/SecureUserDataStoreClient.swift:71
BSI-eRp-ePA;O.Auth_14;Sources/eRpApp/Session/KeychainStorage.swift:263
BSI-eRp-ePA;O.Auth_15;doc/manual/requirement-notes.md:137
BSI-eRp-ePA;O.Cryp_1;doc/manual/requirement-notes.md:112
BSI-eRp-ePA;O.Cryp_1;Sources/IDPLive/DefaultIDPSession.swift:834
BSI-eRp-ePA;O.Cryp_1;Sources/IDPLive/DefaultIDPSession.swift:871
BSI-eRp-ePA;O.Cryp_1;Sources/IDPLive/DefaultIDPSession.swift:912
BSI-eRp-ePA;O.Cryp_1;Sources/IDP/internal/JWT/JWE+Encryption.swift:43
BSI-eRp-ePA;O.Cryp_1;Sources/IDP/internal/TokenPayload.swift:222
BSI-eRp-ePA;O.Cryp_2;doc/manual/requirement-notes.md:113
BSI-eRp-ePA;O.Cryp_3;doc/manual/requirement-notes.md:114
BSI-eRp-ePA;O.Cryp_3;Sources/IDP/PrivateKeyContainer.swift:80
BSI-eRp-ePA;O.Cryp_3;Sources/IDP/internal/IDPCrypto.swift:70
BSI-eRp-ePA;O.Cryp_3;Sources/IDP/internal/JWT/JWE+KDF.swift:54
BSI-eRp-ePA;O.Cryp_3;Sources/VAUClient/internal/VAUCrypto.swift:114
BSI-eRp-ePA;O.Cryp_4;doc/manual/requirement-notes.md:115
BSI-eRp-ePA;O.Cryp_4;Sources/IDP/internal/TokenPayload.swift:223
BSI-eRp-ePA;O.Cryp_4;Sources/IDPLive/DefaultIDPSession.swift:913
BSI-eRp-ePA;O.Cryp_4;Sources/IDPLive/DefaultIDPSession.swift:872
BSI-eRp-ePA;O.Cryp_4;Sources/IDPLive/DefaultIDPSession.swift:835
BSI-eRp-ePA;O.Cryp_4;Sources/IDP/internal/JWT/JWE+Encryption.swift:44
BSI-eRp-ePA;O.Cryp_4;Sources/FeatureCardWall/ReadCard/NFCSignatureProvider.swift:322
BSI-eRp-ePA;O.Cryp_5;doc/manual/requirement-notes.md:116
BSI-eRp-ePA;O.Cryp_6;doc/manual/requirement-notes.md:117
BSI-eRp-ePA;O.Cryp_6;Sources/IDP/PrivateKeyContainer.swift:80
BSI-eRp-ePA;O.Cryp_7;doc/manual/requirement-notes.md:118
BSI-eRp-ePA;O.Cryp_7;Sources/IDP/PrivateKeyContainer.swift:33
BSI-eRp-ePA;O.Data_1;doc/manual/requirement-notes.md:144
BSI-eRp-ePA;O.Data_2;doc/manual/requirement-notes.md:145
BSI-eRp-ePA;O.Data_2;Sources/eRpApp/Session/KeychainStorage.swift:36
BSI-eRp-ePA;O.Data_3;doc/manual/requirement-notes.md:146
BSI-eRp-ePA;O.Data_4;doc/manual/requirement-notes.md:147
BSI-eRp-ePA;O.Data_5;doc/manual/requirement-notes.md:148
BSI-eRp-ePA;O.Data_6;doc/manual/requirement-notes.md:149
BSI-eRp-ePA;O.Data_6;Sources/FeatureCardWall/CAN/CardWallCANView.swift:120
BSI-eRp-ePA;O.Data_6;Sources/eRpApp/Screens/CameraView/ErxTaskScannerView.swift:37
BSI-eRp-ePA;O.Data_6;Sources/FeatureCardWall/PIN/CardWallPINView.swift:37
BSI-eRp-ePA;O.Data_6;Sources/eRpApp/Screens/Pharmacy/Redeem/PharmacyContactView.swift:28
BSI-eRp-ePA;O.Data_6;Sources/eRpApp/Tracking/AnalyticsReducer.swift:33
BSI-eRp-ePA;O.Data_6;Sources/eRpApp/Tracking/ContentSquareAnalyticsAdapter.swift:119
BSI-eRp-ePA;O.Data_7;doc/manual/requirement-notes.md:150
BSI-eRp-ePA;O.Data_8;doc/manual/requirement-notes.md:151
BSI-eRp-ePA;O.Data_8;Sources/eRpApp/Screens/CameraView/AVScannerView.swift:58
BSI-eRp-ePA;O.Data_8;Sources/eRpApp/Screens/Main/Profile/ImagePicker/PhotoPicker.swift:64
BSI-eRp-ePA;O.Data_9;doc/manual/requirement-notes.md:152
BSI-eRp-ePA;O.Data_9;Sources/eRpApp/Screens/Main/Profile/ImagePicker/PhotoPicker.swift:64
BSI-eRp-ePA;O.Data_10;doc/manual/requirement-notes.md:153
BSI-eRp-ePA;O.Data_10;App/Sources/AppDelegate.swift:52
BSI-eRp-ePA;O.Data_10;Sources/eRpStyleKit/Controls/Controls/SecureFieldWithReveal.swift:54
BSI-eRp-ePA;O.Data_11;doc/manual/requirement-notes.md:154
BSI-eRp-ePA;O.Data_12;doc/manual/requirement-notes.md:155
BSI-eRp-ePA;O.Data_13;doc/manual/requirement-notes.md:156
BSI-eRp-ePA;O.Data_13;Sources/eRpApp/SceneDelegate.swift:264
BSI-eRp-ePA;O.Data_13;Sources/eRpApp/SceneDelegate.swift:184
BSI-eRp-ePA;O.Data_14;doc/manual/requirement-notes.md:157
BSI-eRp-ePA;O.Data_15;doc/manual/requirement-notes.md:158
BSI-eRp-ePA;O.Data_15;Sources/eRpLocalStorage/CoreDataController.swift:100
BSI-eRp-ePA;O.Data_15;Sources/IDP/PrivateKeyContainer.swift:144
BSI-eRp-ePA;O.Data_16;doc/manual/requirement-notes.md:159
BSI-eRp-ePA;O.Data_17;doc/manual/requirement-notes.md:159
BSI-eRp-ePA;O.Data_18;doc/manual/requirement-notes.md:160
BSI-eRp-ePA;O.Ntwk_1;doc/manual/requirement-notes.md:165
BSI-eRp-ePA;O.Ntwk_2;doc/manual/requirement-notes.md:166
BSI-eRp-ePA;O.Ntwk_2;Sources/HTTPClientLive/DefaultHTTPClient.swift:51
BSI-eRp-ePA;O.Ntwk_3;doc/manual/requirement-notes.md:168
BSI-eRp-ePA;O.Ntwk_3;Sources/HTTPClientLive/DefaultHTTPClient.swift:51
BSI-eRp-ePA;O.Ntwk_4;doc/manual/requirement-notes.md:169
BSI-eRp-ePA;O.Ntwk_4;Sources/Settings/AppConfiguration.swift:153
BSI-eRp-ePA;O.Ntwk_5;doc/manual/requirement-notes.md:170
BSI-eRp-ePA;O.Ntwk_6;doc/manual/requirement-notes.md:171
BSI-eRp-ePA;O.Ntwk_6;Sources/VAUClient/VAUInterceptor.swift:30
BSI-eRp-ePA;O.Ntwk_6;Sources/VAUClient/internal/VAUCrypto.swift:127
BSI-eRp-ePA;O.Ntwk_7;doc/manual/requirement-notes.md:172
BSI-eRp-ePA;O.Ntwk_7;Sources/HTTPClientLive/DefaultHTTPClient.swift:51
BSI-eRp-ePA;O.Ntwk_8;doc/manual/requirement-notes.md:173
BSI-eRp-ePA;O.Paid_1;doc/manual/requirement-notes.md:162
BSI-eRp-ePA;O.Paid_2;doc/manual/requirement-notes.md:163
BSI-eRp-ePA;O.Paid_3;doc/manual/requirement-notes.md:163
BSI-eRp-ePA;O.Paid_4;doc/manual/requirement-notes.md:163
BSI-eRp-ePA;O.Paid_5;doc/manual/requirement-notes.md:163
BSI-eRp-ePA;O.Paid_6;doc/manual/requirement-notes.md:163
BSI-eRp-ePA;O.Paid_7;doc/manual/requirement-notes.md:163
BSI-eRp-ePA;O.Paid_8;doc/manual/requirement-notes.md:163
BSI-eRp-ePA;O.Paid_9;doc/manual/requirement-notes.md:163
BSI-eRp-ePA;O.Paid_10;doc/manual/requirement-notes.md:163
BSI-eRp-ePA;O.Pass_1;doc/manual/requirement-notes.md:139
BSI-eRp-ePA;O.Pass_1;Sources/eRpApp/Helper/PasswordStrengthTester.swift:54
BSI-eRp-ePA;O.Pass_2;doc/manual/requirement-notes.md:139
BSI-eRp-ePA;O.Pass_2;Sources/eRpApp/Helper/PasswordStrengthTester.swift:54
BSI-eRp-ePA;O.Pass_2;Sources/eRpApp/Screens/Onboarding/OnboardingRegisterPasswordView.swift:110
BSI-eRp-ePA;O.Pass_2;Sources/eRpApp/Screens/Onboarding/RegisterPasswordDomain.swift:90
BSI-eRp-ePA;O.Pass_2;Sources/eRpApp/Screens/Settings/AppSecurity/CreatePasswordView.swift:94
BSI-eRp-ePA;O.Pass_2;Sources/eRpApp/Screens/Settings/AppSecurity/CreatePasswordDomain.swift:109
BSI-eRp-ePA;O.Pass_3;doc/manual/requirement-notes.md:140
BSI-eRp-ePA;O.Pass_3;Sources/eRpApp/Screens/Settings/AppSecurity/CreatePasswordView.swift:27
BSI-eRp-ePA;O.Pass_4;doc/manual/requirement-notes.md:141
BSI-eRp-ePA;O.Pass_4;Sources/eRpApp/Screens/AppAuthentication/AppAuthenticationView.swift:42
BSI-eRp-ePA;O.Pass_4;Sources/eRpApp/Screens/AppAuthentication/AppAuthenticationDomain.swift:138
BSI-eRp-ePA;O.Pass_5;doc/manual/requirement-notes.md:142
BSI-eRp-ePA;O.Pass_5;Sources/eRpApp/Session/Helper/AppSecurityManager.swift:79
BSI-eRp-ePA;O.Pass_5;Sources/eRpApp/Session/Helper/AppSecurityManager.swift:85
BSI-eRp-ePA;O.Plat_1;doc/manual/requirement-notes.md:175
BSI-eRp-ePA;O.Plat_1;Sources/eRpApp/Screens/Main/MainView.swift:105
BSI-eRp-ePA;O.Plat_1;Sources/eRpApp/Session/Helper/DeviceSecurityManager.swift:66
BSI-eRp-ePA;O.Plat_1;Sources/eRpApp/Session/Helper/DeviceSecurityManager.swift:76
BSI-eRp-ePA;O.Plat_2;doc/manual/requirement-notes.md:176
BSI-eRp-ePA;O.Plat_3;doc/manual/requirement-notes.md:177
BSI-eRp-ePA;O.Plat_4;doc/manual/requirement-notes.md:178
BSI-eRp-ePA;O.Plat_5;doc/manual/requirement-notes.md:179
BSI-eRp-ePA;O.Plat_6;doc/manual/requirement-notes.md:180
BSI-eRp-ePA;O.Plat_7;doc/manual/requirement-notes.md:181
BSI-eRp-ePA;O.Plat_8;doc/manual/requirement-notes.md:182
BSI-eRp-ePA;O.Plat_9;doc/manual/requirement-notes.md:183
BSI-eRp-ePA;O.Plat_9;Sources/eRpApp/SceneDelegate.swift:264
BSI-eRp-ePA;O.Plat_9;Sources/eRpApp/SceneDelegate.swift:184
BSI-eRp-ePA;O.Plat_10;doc/manual/requirement-notes.md:184
BSI-eRp-ePA;O.Plat_10;Sources/FeatureCardWall/ExtAuth/CardWallExtAuthConfirmationDomain.swift:109
BSI-eRp-ePA;O.Plat_10;Sources/eRpApp/Screens/Settings/DataPrivacyTermsOfUseNavigationDelegate.swift:26
BSI-eRp-ePA;O.Plat_10;Sources/eRpApp/Screens/Settings/DataPrivacy/DataPrivacyView.swift:40
BSI-eRp-ePA;O.Plat_10;Sources/FeatureCardWall/ExtAuth/CardWallExtAuthConfirmationDomain.swift:124
BSI-eRp-ePA;O.Plat_10;Sources/FeatureCardWall/Introduction/CardWallIntroductionDomain.swift:266
BSI-eRp-ePA;O.Plat_10;Sources/eRpApp/Screens/Settings/FOSS/FOSSView.swift:37
BSI-eRp-ePA;O.Plat_10;Sources/eRpApp/Screens/Settings/TermsOfUse/TermsOfUseView.swift:39
BSI-eRp-ePA;O.Plat_11;doc/manual/requirement-notes.md:185
BSI-eRp-ePA;O.Plat_11;Sources/eRpApp/Screens/Settings/DataPrivacy/DataPrivacyView.swift:45
BSI-eRp-ePA;O.Plat_11;Sources/eRpApp/Screens/Settings/TermsOfUse/TermsOfUseView.swift:44
BSI-eRp-ePA;O.Plat_11;Sources/eRpApp/Screens/Settings/FOSS/FOSSView.swift:42
BSI-eRp-ePA;O.Plat_12;doc/manual/requirement-notes.md:186
BSI-eRp-ePA;O.Plat_13;doc/manual/requirement-notes.md:187
BSI-eRp-ePA;O.Plat_14;doc/manual/requirement-notes.md:188
BSI-eRp-ePA;O.Purp_1;doc/manual/requirement-notes.md:69
BSI-eRp-ePA;O.Purp_1;Sources/eRpApp/Screens/Settings/DataPrivacy/DataPrivacyView.swift:28
BSI-eRp-ePA;O.Purp_1;Sources/eRpApp/Screens/Settings/SettingsLegalInfoView.swift:48
BSI-eRp-ePA;O.Purp_2;Sources/eRpApp/Screens/CameraView/ErxTaskScannerView.swift:37
BSI-eRp-ePA;O.Purp_2;Sources/FeatureCardWall/CAN/CardWallCANView.swift:120
BSI-eRp-ePA;O.Purp_2;Sources/FeatureCardWall/PIN/CardWallPINView.swift:37
BSI-eRp-ePA;O.Purp_2;Sources/eRpApp/Tracking/AnalyticsReducer.swift:33
BSI-eRp-ePA;O.Purp_2;Sources/eRpApp/Tracking/ContentSquareAnalyticsAdapter.swift:119
BSI-eRp-ePA;O.Purp_2;Sources/eRpApp/Screens/Pharmacy/Redeem/PharmacyContactView.swift:28
BSI-eRp-ePA;O.Purp_3;Sources/eRpApp/Screens/Onboarding/OnboardingLegalInfoView.swift:108
BSI-eRp-ePA;O.Purp_3;doc/manual/requirement-notes.md:70
BSI-eRp-ePA;O.Purp_3;Sources/eRpApp/Screens/Settings/TermsOfUse/TermsOfUseView.swift:28
BSI-eRp-ePA;O.Purp_3;Sources/eRpApp/Screens/Onboarding/OnboardingAnalyticsView.swift:84
BSI-eRp-ePA;O.Purp_3;Sources/eRpApp/Screens/Onboarding/OnboardingAnalyticsView.swift:98
BSI-eRp-ePA;O.Purp_3;Sources/eRpApp/Screens/Onboarding/OnboardingAnalyticsDetailView.swift:88
BSI-eRp-ePA;O.Purp_3;Sources/eRpApp/Screens/Onboarding/OnboardingAnalyticsDetailView.swift:74
BSI-eRp-ePA;O.Purp_3;Sources/eRpApp/Screens/Onboarding/OnboardingDomain.swift:129
BSI-eRp-ePA;O.Purp_3;Sources/eRpApp/Screens/Onboarding/OnboardingDomain.swift:135
BSI-eRp-ePA;O.Purp_3;Sources/eRpApp/Screens/Onboarding/OnboardingDomain.swift:140
BSI-eRp-ePA;O.Purp_4;Sources/eRpApp/Tracking/AnalyticsReducer.swift:33
BSI-eRp-ePA;O.Purp_4;Sources/eRpApp/Tracking/ContentSquareAnalyticsAdapter.swift:119
BSI-eRp-ePA;O.Purp_5;Sources/eRpApp/Screens/Settings/SettingsView.swift:130
BSI-eRp-ePA;O.Purp_5;Sources/eRpApp/Screens/Settings/SettingsDomain.swift:176
BSI-eRp-ePA;O.Purp_5;Sources/eRpApp/Screens/Settings/SettingsView.swift:60
BSI-eRp-ePA;O.Purp_5;Sources/eRpApp/Screens/Settings/SettingsDomain.swift:189
BSI-eRp-ePA;O.Purp_6;Sources/eRpApp/Screens/Settings/SettingsView.swift:131
BSI-eRp-ePA;O.Purp_6;doc/manual/requirement-notes.md:71
BSI-eRp-ePA;O.Purp_7;doc/manual/requirement-notes.md:72
BSI-eRp-ePA;O.Purp_8;doc/manual/requirement-notes.md:73
BSI-eRp-ePA;O.Purp_8;Sources/eRpApp/Session/KeychainStorage.swift:35
BSI-eRp-ePA;O.Purp_8;Sources/eRpLocalStorage/CoreDataController.swift:76
BSI-eRp-ePA;O.Purp_8;Sources/eRpLocalStorage/CoreDataController.swift:100
BSI-eRp-ePA;O.Purp_9;doc/manual/requirement-notes.md:75
BSI-eRp-ePA;O.Rand_1;doc/manual/requirement-notes.md:120
BSI-eRp-ePA;O.Rand_1;Sources/IDP/internal/SecKeyRandom.swift:29
BSI-eRp-ePA;O.Rand_1;Sources/VAUClient/internal/VAURandom.swift:30
BSI-eRp-ePA;O.Resi_1;doc/manual/requirement-notes.md:190
BSI-eRp-ePA;O.Resi_1;Sources/eRpApp/Screens/Onboarding/OnboardingRegisterAuthenticationView.swift:28
BSI-eRp-ePA;O.Resi_1;Sources/FeatureCardWall/Login/CardWallLoginOptionView.swift:110
BSI-eRp-ePA;O.Resi_1;Sources/eRpApp/Screens/Main/DeviceSecurity/DeviceSecurityNoSystemPin/DeviceSecuritySystemPinView.swift:27
BSI-eRp-ePA;O.Resi_2;doc/manual/requirement-notes.md:192
BSI-eRp-ePA;O.Resi_2;Sources/eRpApp/Screens/Main/MainView.swift:105
BSI-eRp-ePA;O.Resi_2;Sources/eRpApp/Session/Helper/DeviceSecurityManager.swift:66
BSI-eRp-ePA;O.Resi_2;Sources/eRpApp/Session/Helper/DeviceSecurityManager.swift:120
BSI-eRp-ePA;O.Resi_2;Sources/eRpApp/Screens/Main/DeviceSecurity/DeviceSecurityRootedDevice/DeviceSecurityRootedDeviceView.swift:26
BSI-eRp-ePA;O.Resi_3;doc/manual/requirement-notes.md:193
BSI-eRp-ePA;O.Resi_4;doc/manual/requirement-notes.md:194
BSI-eRp-ePA;O.Resi_5;doc/manual/requirement-notes.md:195
BSI-eRp-ePA;O.Resi_6;doc/manual/requirement-notes.md:196
BSI-eRp-ePA;O.Resi_6;Sources/IDPLive/DefaultIDPSession.swift:277
BSI-eRp-ePA;O.Resi_6;Sources/IDPLive/DefaultIDPSession.swift:438
BSI-eRp-ePA;O.Resi_6;Sources/IDPLive/DefaultIDPSession.swift:304
BSI-eRp-ePA;O.Resi_6;Sources/IDPLive/DefaultIDPSession.swift:766
BSI-eRp-ePA;O.Resi_7;doc/manual/requirement-notes.md:197
BSI-eRp-ePA;O.Resi_8;doc/manual/requirement-notes.md:198
BSI-eRp-ePA;O.Resi_9;doc/manual/requirement-notes.md:199
BSI-eRp-ePA;O.Resi_10;doc/manual/requirement-notes.md:200
BSI-eRp-ePA;O.Source_1;Sources/eRpApp/Screens/CameraView/ErxTaskScannerView.swift:38
BSI-eRp-ePA;O.Source_1;doc/manual/requirement-notes.md:89
BSI-eRp-ePA;O.Source_1;Sources/eRpApp/Screens/CameraView/ScannerDomain.swift:147
BSI-eRp-ePA;O.Source_1;Sources/eRpApp/Screens/CameraView/ScannerDomain+Helper.swift:35
BSI-eRp-ePA;O.Source_1;Sources/eRpKit/ScannedErxTask.swift:121
BSI-eRp-ePA;O.Source_1;Sources/eRpApp/SceneDelegate.swift:269
BSI-eRp-ePA;O.Source_1;Sources/eRpApp/Screens/AppStartDomain.swift:248
BSI-eRp-ePA;O.Source_1;Sources/eRpApp/Screens/Main/MainDomain.swift:321
BSI-eRp-ePA;O.Source_1;Sources/eRpApp/Screens/Main/ExtAuth/ExtAuthPendingDomain.swift:164
BSI-eRp-ePA;O.Source_2;doc/manual/requirement-notes.md:90
BSI-eRp-ePA;O.Source_2;Sources/eRpLocalStorage/Pharmacy/PharmacyCoreDataStore.swift:30
BSI-eRp-ePA;O.Source_2;Sources/eRpLocalStorage/Prescriptions/ErxTaskCoreDataStore.swift:34
BSI-eRp-ePA;O.Source_2;Sources/eRpLocalStorage/Profiles/ProfileCoreDataStore.swift:30
BSI-eRp-ePA;O.Source_2;Sources/eRpLocalStorage/ShipmentInfo/ShipmentInfoCoreDataStore.swift:30
BSI-eRp-ePA;O.Source_2;Sources/eRpLocalStorage/AVSTransaction/AVSTransactionCoreDataStore.swift:30
BSI-eRp-ePA;O.Source_2;doc/manual/requirement-notes.md:91
BSI-eRp-ePA;O.Source_3;doc/manual/requirement-notes.md:92
BSI-eRp-ePA;O.Source_4;doc/manual/requirement-notes.md:93
BSI-eRp-ePA;O.Source_5;doc/manual/requirement-notes.md:94
BSI-eRp-ePA;O.Source_5;Sources/IDPLive/IDPInterceptor.swift:63
BSI-eRp-ePA;O.Source_5;Sources/IDPLive/DefaultIDPSession.swift:124
BSI-eRp-ePA;O.Source_5;Sources/FeatureCardWall/ReadCard/CardWallReadCardDomain.Environment+Biometrics.swift:82
BSI-eRp-ePA;O.Source_5;Sources/FeatureCardWall/ReadCard/CardWallReadCardDomain.Environment+Biometrics.swift:106
BSI-eRp-ePA;O.Source_5;Sources/FeatureCardWall/ReadCard/CardWallReadCardDomain.Environment+Biometrics.swift:150
BSI-eRp-ePA;O.Source_5;Sources/FeatureCardWall/ReadCard/CardWallReadCardDomain.Environment+Biometrics.swift:166
BSI-eRp-ePA;O.Source_6;doc/manual/requirement-notes.md:95
BSI-eRp-ePA;O.Source_7;doc/manual/requirement-notes.md:96
BSI-eRp-ePA;O.Source_7;Sources/eRpApp/Session/KeychainStorage.swift:36
BSI-eRp-ePA;O.Source_8;doc/manual/requirement-notes.md:97
BSI-eRp-ePA;O.Source_8;Sources/eRpApp/Screens/Settings/SettingsView.swift:37
BSI-eRp-ePA;O.Source_8;Sources/eRpApp/Screens/Settings/SettingsView.swift:161
BSI-eRp-ePA;O.Source_8;Sources/eRpApp/Screens/DebugView/DebugView.swift:32
BSI-eRp-ePA;O.Source_9;doc/manual/requirement-notes.md:98
BSI-eRp-ePA;O.Source_10;doc/manual/requirement-notes.md:99
BSI-eRp-ePA;O.TrdP_1;doc/manual/requirement-notes.md:101
BSI-eRp-ePA;O.TrdP_2;doc/manual/requirement-notes.md:102
BSI-eRp-ePA;O.TrdP_3;doc/manual/requirement-notes.md:103
BSI-eRp-ePA;O.TrdP_4;doc/manual/requirement-notes.md:104
BSI-eRp-ePA;O.TrdP_5;doc/manual/requirement-notes.md:105
BSI-eRp-ePA;O.TrdP_6;doc/manual/requirement-notes.md:106
BSI-eRp-ePA;O.TrdP_7;doc/manual/requirement-notes.md:108
BSI-eRp-ePA;O.TrdP_8;doc/manual/requirement-notes.md:110
gemSpec_FD_eRp;A_19145;Sources/eRpApp/Screens/Main/PrescriptionList/Model/Prescription.swift:330
gemSpec_FD_eRp;A_21267;Sources/eRpApp/Screens/Main/PrescriptionList/Model/Prescription.swift:49
gemSpec_FD_eRp;A_21360;Sources/eRpApp/Screens/Main/PrescriptionList/Model/Prescription.swift:282
gemSpec_FD_eRp;A_22102;Sources/eRpApp/Screens/Main/PrescriptionList/Model/Prescription.swift:322
gemSpec_IDP_Dienst;A_21415;Sources/IDP/Models/PairingData.swift:26
gemSpec_IDP_Dienst;A_21415;Sources/IDP/Models/RegistrationData.swift:26
gemSpec_IDP_Dienst;A_21415;Sources/IDP/Models/RegistrationData.swift:54
gemSpec_IDP_Dienst;A_21415;Sources/IDP/Models/RegistrationData.swift:70
gemSpec_IDP_Dienst;A_21415;Sources/IDP/Models/SignedPairingData.swift:26
gemSpec_IDP_Dienst;A_21415;Sources/IDPLive/DefaultIDPSession.swift:908
gemSpec_IDP_Dienst;A_21450;Sources/IDP/Models/PairingEntry.swift:26
gemSpec_IDP_Frontend;A_19908-01;Sources/IDPLive/DefaultIDPSession.swift:640
gemSpec_IDP_Frontend;A_19937;Sources/IDP/Models/IDPError.swift:447
gemSpec_IDP_Frontend;A_19937;Sources/IDPLive/RealIDPClient.swift:522
gemSpec_IDP_Frontend;A_19937;Sources/IDP/Models/IDPError.swift:110
gemSpec_IDP_Frontend;A_19938-01;doc/manual/requirement-notes.md:1
gemSpec_IDP_Frontend;A_19938-01;Sources/IDPLive/RealIDPClient.swift:260
gemSpec_IDP_Frontend;A_19938-01;Sources/IDPLive/DefaultIDPSession.swift:221
gemSpec_IDP_Frontend;A_19938-01;Sources/IDPLive/DefaultIDPSession.swift:244
gemSpec_IDP_Frontend;A_20068-01;doc/manual/requirement-notes.md:56
gemSpec_IDP_Frontend;A_20079;Sources/IDPLive/RealIDPClient.swift:268
gemSpec_IDP_Frontend;A_20085;Sources/IDP/Models/IDPError.swift:110
gemSpec_IDP_Frontend;A_20085;Sources/IDP/Models/IDPError.swift:436
gemSpec_IDP_Frontend;A_20085;Sources/IDP/Models/IDPError.swift:447
gemSpec_IDP_Frontend;A_20283-01;Sources/IDPLive/DefaultIDPSession.swift:242
gemSpec_IDP_Frontend;A_20309;Sources/IDP/internal/IDPCrypto.swift:96
gemSpec_IDP_Frontend;A_20309;Sources/IDPLive/DefaultIDPSession.swift:618
gemSpec_IDP_Frontend;A_20483;Sources/IDPLive/DefaultIDPSession.swift:628
gemSpec_IDP_Frontend;A_20483;Sources/IDPLive/RealIDPClient.swift:93
gemSpec_IDP_Frontend;A_20499;doc/manual/requirement-notes.md:48
gemSpec_IDP_Frontend;A_20499;Sources/eRpApp/Session/KeychainStorage.swift:265
gemSpec_IDP_Frontend;A_20499;Sources/eRpApp/Session/ProfileSecureDataWiper.swift:53
gemSpec_IDP_Frontend;A_20499;Sources/eRpApp/Session/SecureStorage/IDPStorageClient.swift:119
gemSpec_IDP_Frontend;A_20499-01;Sources/eRpApp/Screens/Settings/Profiles/Edit/EditProfileDomain.swift:332
gemSpec_IDP_Frontend;A_20499-01;Sources/eRpApp/Session/ProfileSecureDataWiper.swift:53
gemSpec_IDP_Frontend;A_20499-1;Sources/eRpApp/Session/KeychainStorage.swift:265
gemSpec_IDP_Frontend;A_20499-1;Sources/eRpApp/Session/SecureStorage/IDPStorageClient.swift:119
gemSpec_IDP_Frontend;A_20512;Sources/IDP/Models/DiscoveryDocument.swift:198
gemSpec_IDP_Frontend;A_20512;Sources/IDPLive/DefaultIDPSession.swift:295
gemSpec_IDP_Frontend;A_20512;Tests/IDPLiveTests/DefaultIDPSessionTests.swift:137
gemSpec_IDP_Frontend;A_20512;Tests/IDPLiveTests/DefaultIDPSessionTests.swift:163
gemSpec_IDP_Frontend;A_20512;Tests/IDPLiveTests/DefaultIDPSessionTests.swift:187
gemSpec_IDP_Frontend;A_20512;Tests/IDPLiveTests/DefaultIDPSessionTests.swift:213
gemSpec_IDP_Frontend;A_20512;Tests/IDPLiveTests/DefaultIDPSessionTests.swift:239
gemSpec_IDP_Frontend;A_20512;Tests/IDPLiveTests/DefaultIDPSessionTests.swift:263
gemSpec_IDP_Frontend;A_20525;doc/manual/requirement-notes.md:46
gemSpec_IDP_Frontend;A_20525;doc/manual/requirement-notes.md:49
gemSpec_IDP_Frontend;A_20526-01;Sources/FeatureCardWall/ReadCard/CardWallReadCardDomain.Environment+Profile.swift:100
gemSpec_IDP_Frontend;A_20526-01;Sources/FeatureCardWall/ReadCard/CardWallReadCardDomain.Environment+Profile.swift:147
gemSpec_IDP_Frontend;A_20526-01;Sources/IDP/Models/IDPChallengeSession.swift:102
gemSpec_IDP_Frontend;A_20526-01;Sources/IDPLive/DefaultIDPSession.swift:170
gemSpec_IDP_Frontend;A_20526-01;Sources/IDPLive/RealIDPClient.swift:142
gemSpec_IDP_Frontend;A_20527;doc/manual/requirement-notes.md:47
gemSpec_IDP_Frontend;A_20527;Sources/IDPLive/DefaultIDPSession.swift:183
gemSpec_IDP_Frontend;A_20529-01;doc/manual/requirement-notes.md:2
gemSpec_IDP_Frontend;A_20529-01;Sources/IDPLive/DefaultIDPSession.swift:200
gemSpec_IDP_Frontend;A_20529-01;Sources/IDPLive/DefaultIDPSession.swift:209
gemSpec_IDP_Frontend;A_20529-01;Sources/IDPLive/RealIDPClient.swift:242
gemSpec_IDP_Frontend;A_20529-01;Sources/IDPLive/RealIDPClient.swift:255
gemSpec_IDP_Frontend;A_20600;Sources/IDPLive/RealIDPClient.swift:171
gemSpec_IDP_Frontend;A_20600;Sources/IDPLive/RealIDPClient.swift:507
gemSpec_IDP_Frontend;A_20601;Sources/IDPLive/RealIDPClient.swift:95
gemSpec_IDP_Frontend;A_20601-01;Sources/IDPLive/RealIDPClient.swift:95
gemSpec_IDP_Frontend;A_20602;doc/manual/requirement-notes.md:3
gemSpec_IDP_Frontend;A_20602;Sources/IDPLive/IDPInterceptor.swift:53
gemSpec_IDP_Frontend;A_20603;Sources/IDPLive/RealIDPClient.swift:95
gemSpec_IDP_Frontend;A_20603;Sources/IDPLive/RealIDPClient.swift:250
gemSpec_IDP_Frontend;A_20603;Sources/Settings/AppConfiguration.swift:108
gemSpec_IDP_Frontend;A_20603;Sources/Settings/AppConfiguration.swift:361
gemSpec_IDP_Frontend;A_20605;Sources/IDP/Models/IDPError.swift:110
gemSpec_IDP_Frontend;A_20605;Sources/IDP/Models/IDPError.swift:447
gemSpec_IDP_Frontend;A_20605;Sources/IDPLive/RealIDPClient.swift:522
gemSpec_IDP_Frontend;A_20606;doc/manual/requirement-notes.md:4
gemSpec_IDP_Frontend;A_20606;Sources/HTTPClientLive/DefaultHTTPClient.swift:49
gemSpec_IDP_Frontend;A_20607;doc/manual/requirement-notes.md:8
gemSpec_IDP_Frontend;A_20608-01;doc/manual/requirement-notes.md:56
gemSpec_IDP_Frontend;A_20609;doc/manual/requirement-notes.md:8
gemSpec_IDP_Frontend;A_20609;doc/manual/requirement-notes.md:56
gemSpec_IDP_Frontend;A_20614;Sources/IDPLive/DefaultIDPSession.swift:283
gemSpec_IDP_Frontend;A_20617-01;Tests/IDPLiveTests/DefaultIDPSessionTests.swift:261
gemSpec_IDP_Frontend;A_20617-01;Sources/IDPLive/DefaultIDPSession.swift:316
gemSpec_IDP_Frontend;A_20617-01;Sources/IDPLive/DefaultIDPSession.swift:696
gemSpec_IDP_Frontend;A_20617-01;Sources/IDPLive/DefaultIDPSession.swift:728
gemSpec_IDP_Frontend;A_20617-01;Tests/IDPLiveTests/DefaultIDPSessionTests.swift:135
gemSpec_IDP_Frontend;A_20617-01;Tests/IDPLiveTests/DefaultIDPSessionTests.swift:161
gemSpec_IDP_Frontend;A_20617-01;Tests/IDPLiveTests/DefaultIDPSessionTests.swift:185
gemSpec_IDP_Frontend;A_20617-01;Tests/IDPLiveTests/DefaultIDPSessionTests.swift:211
gemSpec_IDP_Frontend;A_20617-01;Tests/IDPLiveTests/DefaultIDPSessionTests.swift:237
gemSpec_IDP_Frontend;A_20617-01;Sources/IDPLive/DefaultIDPSession.swift:283
gemSpec_IDP_Frontend;A_20618;doc/manual/requirement-notes.md:8
gemSpec_IDP_Frontend;A_20618;doc/manual/requirement-notes.md:56
gemSpec_IDP_Frontend;A_20623;Tests/IDPLiveTests/DefaultIDPSessionTests.swift:262
gemSpec_IDP_Frontend;A_20623;Sources/IDPLive/DefaultIDPSession.swift:316
gemSpec_IDP_Frontend;A_20623;Sources/IDPLive/DefaultIDPSession.swift:697
gemSpec_IDP_Frontend;A_20623;Sources/IDPLive/DefaultIDPSession.swift:708
gemSpec_IDP_Frontend;A_20623;Sources/IDPLive/DefaultIDPSession.swift:728
gemSpec_IDP_Frontend;A_20623;Sources/IDPLive/DefaultIDPSession.swift:759
gemSpec_IDP_Frontend;A_20623;Sources/TrustStore/X509TrustStore.swift:308
gemSpec_IDP_Frontend;A_20623;Sources/TrustStore/X509TrustStore.swift:320
gemSpec_IDP_Frontend;A_20623;Tests/IDPLiveTests/DefaultIDPSessionTests.swift:136
gemSpec_IDP_Frontend;A_20623;Tests/IDPLiveTests/DefaultIDPSessionTests.swift:162
gemSpec_IDP_Frontend;A_20623;Tests/IDPLiveTests/DefaultIDPSessionTests.swift:186
gemSpec_IDP_Frontend;A_20623;Tests/IDPLiveTests/DefaultIDPSessionTests.swift:212
gemSpec_IDP_Frontend;A_20623;Tests/IDPLiveTests/DefaultIDPSessionTests.swift:238
gemSpec_IDP_Frontend;A_20623;Sources/IDPLive/DefaultIDPSession.swift:283
gemSpec_IDP_Frontend;A_20625;doc/manual/requirement-notes.md:5
gemSpec_IDP_Frontend;A_20625;Sources/IDPLive/DefaultIDPSession.swift:228
gemSpec_IDP_Frontend;A_20625;Sources/IDPLive/DefaultIDPSession.swift:769
gemSpec_IDP_Frontend;A_20625;Sources/TrustStore/X509TrustStore.swift:308
gemSpec_IDP_Frontend;A_20700-05;Sources/FeatureCardWall/ReadCard/NFCSignatureProvider.swift:592
gemSpec_IDP_Frontend;A_20700-05;Sources/FeatureCardWall/ReadCard/NFCSignatureProvider.swift:642
gemSpec_IDP_Frontend;A_20700-07;Sources/FeatureCardWall/ReadCard/NFCSignatureProvider.swift:324
gemSpec_IDP_Frontend;A_20700-07;Sources/FeatureCardWall/ReadCard/NFCSignatureProvider.swift:592
gemSpec_IDP_Frontend;A_20700-07;Sources/FeatureCardWall/ReadCard/NFCSignatureProvider.swift:642
gemSpec_IDP_Frontend;A_20700-07;Sources/IDPLive/DefaultSecureEnclaveSignatureProvider.swift:149
gemSpec_IDP_Frontend;A_20740;Sources/IDPLive/RealIDPClient.swift:104
gemSpec_IDP_Frontend;A_20740;Sources/IDPLive/RealIDPClient.swift:247
gemSpec_IDP_Frontend;A_20740;Sources/Settings/AppConfiguration.swift:110
gemSpec_IDP_Frontend;A_20741;doc/manual/requirement-notes.md:20
gemSpec_IDP_Frontend;A_21322;Sources/eRpApp/Session/KeychainStorage.swift:33
gemSpec_IDP_Frontend;A_21323;Sources/IDPLive/DefaultIDPSession.swift:201
gemSpec_IDP_Frontend;A_21323;Sources/IDP/internal/TokenPayload.swift:211
gemSpec_IDP_Frontend;A_21323;Sources/IDP/internal/IDPCrypto.swift:80
gemSpec_IDP_Frontend;A_21324;doc/manual/requirement-notes.md:41
gemSpec_IDP_Frontend;A_21324;Sources/IDPLive/DefaultIDPSession.swift:201
gemSpec_IDP_Frontend;A_21324;Sources/IDP/internal/TokenPayload.swift:182
gemSpec_IDP_Frontend;A_21324;Sources/IDP/internal/TokenPayload.swift:212
gemSpec_IDP_Frontend;A_21325;doc/manual/requirement-notes.md:42
gemSpec_IDP_Frontend;A_21325;Sources/IDPLive/IDPInterceptor.swift:53
gemSpec_IDP_Frontend;A_21325;Sources/VAUClient/internal/VAUCrypto.swift:102
gemSpec_IDP_Frontend;A_21325;Sources/eRpApp/Dependencies+FhirClient.swift:168
gemSpec_IDP_Frontend;A_21325;Sources/eRpApp/Session/StandardSessionContainer.swift:299
gemSpec_IDP_Frontend;A_21326;doc/manual/requirement-notes.md:43
gemSpec_IDP_Frontend;A_21326;Sources/IDP/Models/IDPToken.swift:27
gemSpec_IDP_Frontend;A_21326;Sources/IDPLive/DefaultIDPSession.swift:116
gemSpec_IDP_Frontend;A_21326;Sources/IDPLive/DefaultIDPSession.swift:784
gemSpec_IDP_Frontend;A_21326;Sources/IDPLive/DefaultIDPSession.swift:795
gemSpec_IDP_Frontend;A_21327;doc/manual/requirement-notes.md:44
gemSpec_IDP_Frontend;A_21327;Sources/IDP/Models/IDPToken.swift:27
gemSpec_IDP_Frontend;A_21327;Sources/IDPLive/DefaultIDPSession.swift:116
gemSpec_IDP_Frontend;A_21327;Sources/IDPLive/DefaultIDPSession.swift:784
gemSpec_IDP_Frontend;A_21327;Sources/IDPLive/DefaultIDPSession.swift:795
gemSpec_IDP_Frontend;A_21328;doc/manual/requirement-notes.md:45
gemSpec_IDP_Frontend;A_21328;Sources/eRpApp/Dependencies+FhirClient.swift:151
gemSpec_IDP_Frontend;A_21328;Sources/eRpApp/Session/StandardSessionContainer.swift:104
gemSpec_IDP_Frontend;A_21328;Sources/eRpApp/Session/KeychainStorage.swift:142
gemSpec_IDP_Frontend;A_21414;Sources/IDPLive/DefaultIDPSession.swift:340
gemSpec_IDP_Frontend;A_21416;Sources/IDP/Models/RegistrationData.swift:27
gemSpec_IDP_Frontend;A_21416;Sources/IDPLive/DefaultIDPSession.swift:334
gemSpec_IDP_Frontend;A_21416;Sources/IDPLive/DefaultIDPSession.swift:909
gemSpec_IDP_Frontend;A_21431;Sources/IDPLive/DefaultIDPSession.swift:414
gemSpec_IDP_Frontend;A_21431;Sources/IDPLive/DefaultIDPSession.swift:880
gemSpec_IDP_Frontend;A_21443;Sources/IDPLive/DefaultIDPSession.swift:365
gemSpec_IDP_Frontend;A_21443;Sources/IDPLive/DefaultIDPSession.swift:389
gemSpec_IDP_Frontend;A_21574;Sources/FeatureCardWall/Login/CardWallLoginOptionDomain.swift:125
gemSpec_IDP_Frontend;A_21574;Sources/FeatureCardWall/Login/CardWallLoginOptionView.swift:109
gemSpec_IDP_Frontend;A_21576;Sources/IDPLive/DefaultIDPSession.swift:358
gemSpec_IDP_Frontend;A_21578;doc/manual/requirement-notes.md:50
gemSpec_IDP_Frontend;A_21578;Sources/IDP/PrivateKeyContainer.swift:164
gemSpec_IDP_Frontend;A_21579;Sources/IDP/PrivateKeyContainer.swift:164
gemSpec_IDP_Frontend;A_21580;Sources/IDP/PrivateKeyContainer.swift:164
gemSpec_IDP_Frontend;A_21581;Sources/IDP/PrivateKeyContainer.swift:160
gemSpec_IDP_Frontend;A_21582;Sources/IDP/PrivateKeyContainer.swift:146
gemSpec_IDP_Frontend;A_21583;doc/manual/requirement-notes.md:51
gemSpec_IDP_Frontend;A_21583;Sources/IDP/PrivateKeyContainer.swift:164
gemSpec_IDP_Frontend;A_21584;doc/manual/requirement-notes.md:52
gemSpec_IDP_Frontend;A_21584;Sources/IDP/PrivateKeyContainer.swift:227
gemSpec_IDP_Frontend;A_21585;doc/manual/requirement-notes.md:53
gemSpec_IDP_Frontend;A_21586;doc/manual/requirement-notes.md:54
gemSpec_IDP_Frontend;A_21586;Sources/IDP/PrivateKeyContainer.swift:143
gemSpec_IDP_Frontend;A_21586;Sources/IDP/PrivateKeyContainer.swift:149
gemSpec_IDP_Frontend;A_21587;Sources/IDP/PrivateKeyContainer.swift:147
gemSpec_IDP_Frontend;A_21588;Sources/IDPLive/DefaultSecureEnclaveSignatureProvider.swift:31
gemSpec_IDP_Frontend;A_21588;Sources/IDPLive/DefaultSecureEnclaveSignatureProvider.swift:54
gemSpec_IDP_Frontend;A_21588;Sources/IDPLive/DefaultSecureEnclaveSignatureProvider.swift:121
gemSpec_IDP_Frontend;A_21589;Sources/IDP/PrivateKeyContainer.swift:160
gemSpec_IDP_Frontend;A_21589;Sources/IDP/PrivateKeyContainer.swift:162
gemSpec_IDP_Frontend;A_21590;doc/manual/requirement-notes.md:55
gemSpec_IDP_Frontend;A_21590;Sources/IDP/PrivateKeyContainer.swift:31
gemSpec_IDP_Frontend;A_21591;Sources/IDP/Models/RegistrationData.swift:71
gemSpec_IDP_Frontend;A_21591;Sources/IDPLive/UIDevice+Extension.swift:28
gemSpec_IDP_Frontend;A_21591;Sources/IDPLive/UIDevice+Extension.swift:61
gemSpec_IDP_Frontend;A_21595;Sources/eRpApp/Session/KeychainStorage.swift:250
gemSpec_IDP_Frontend;A_21595;Sources/FeatureCardWall/ReadCard/CardWallReadCardDomain.Environment+Biometrics.swift:149
gemSpec_IDP_Frontend;A_21595;Sources/FeatureCardWall/ReadCard/CardWallReadCardDomain.Environment+Biometrics.swift:165
gemSpec_IDP_Frontend;A_21595;Sources/IDP/IDPStorage.swift:28
gemSpec_IDP_Frontend;A_21595;Sources/IDPLive/DefaultSecureEnclaveSignatureProvider.swift:69
gemSpec_IDP_Frontend;A_21595;Sources/IDPLive/DefaultSecureEnclaveSignatureProvider.swift:69
gemSpec_IDP_Frontend;A_21595;Sources/IDPLive/DefaultSecureEnclaveSignatureProvider.swift:91
gemSpec_IDP_Frontend;A_21595;Sources/eRpApp/Session/KeychainStorage.swift:34
gemSpec_IDP_Frontend;A_21595;Sources/eRpApp/Session/KeychainStorage.swift:223
gemSpec_IDP_Frontend;A_21595;Sources/FeatureCardWall/ReadCard/CardWallReadCardDomain.Environment+Biometrics.swift:105
gemSpec_IDP_Frontend;A_21598;Sources/FeatureCardWall/ReadCard/CardWallReadCardDomain.Environment+Biometrics.swift:105
gemSpec_IDP_Frontend;A_21598;Sources/FeatureCardWall/ReadCard/CardWallReadCardDomain.Environment+Biometrics.swift:149
gemSpec_IDP_Frontend;A_21598;Sources/FeatureCardWall/ReadCard/CardWallReadCardDomain.Environment+Biometrics.swift:165
gemSpec_IDP_Frontend;A_21598;Sources/IDPLive/DefaultSecureEnclaveSignatureProvider.swift:69
gemSpec_IDP_Frontend;A_21598;Sources/IDPLive/DefaultSecureEnclaveSignatureProvider.swift:87
gemSpec_IDP_Frontend;A_21600;Sources/IDPLive/UIDevice+Extension.swift:28
gemSpec_IDP_Frontend;A_21600;Sources/IDPLive/UIDevice+Extension.swift:61
gemSpec_IDP_Frontend;A_21603;Sources/FeatureCardWall/SecureEGKCertificateStorageClient.swift:104
gemSpec_IDP_Frontend;A_21603;Sources/eRpApp/Session/KeychainStorage.swift:270
gemSpec_IDP_Frontend;A_21603;Sources/eRpApp/Session/ProfileSecureDataWiper.swift:55
gemSpec_IDP_Frontend;A_21603;Sources/eRpApp/Session/ProfileSecureDataWiper.swift:64
gemSpec_IDP_Frontend;A_21603;Sources/eRpApp/Session/ProfileSecureDataWiper.swift:71
gemSpec_IDP_Frontend;A_22294-01;Sources/FeatureCardWall/ExtAuth/CardWallExtAuthConfirmationDomain.swift:108
gemSpec_IDP_Frontend;A_22294-01;Sources/FeatureCardWall/ExtAuth/CardWallExtAuthSelectionDomain.swift:145
gemSpec_IDP_Frontend;A_22295-01;Sources/IDPLive/DefaultIDPSession.swift:469
gemSpec_IDP_Frontend;A_22295-01;Tests/IDPLiveTests/DefaultIDPSessionTests.swift:1012
gemSpec_IDP_Frontend;A_22296-01;Sources/FeatureCardWall/ExtAuth/CardWallExtAuthSelectionDomain.swift:123
gemSpec_IDP_Frontend;A_22296-01;Sources/IDPLive/DefaultIDPSession.swift:436
gemSpec_IDP_Frontend;A_22296-01;Tests/IDPLiveTests/DefaultIDPSessionTests.swift:979
gemSpec_IDP_Frontend;A_22299-01;Sources/FeatureCardWall/ExtAuth/CardWallExtAuthConfirmationDomain.swift:123
gemSpec_IDP_Frontend;A_22299-01;Sources/IDPLive/DefaultIDPSession.swift:482
gemSpec_IDP_Frontend;A_22299-01;Tests/IDPLiveTests/DefaultIDPSessionTests.swift:1013
gemSpec_IDP_Frontend;A_22301-01;Sources/eRpApp/SceneDelegate.swift:246
gemSpec_IDP_Frontend;A_22301-01;Sources/eRpApp/SceneDelegate.swift:279
gemSpec_IDP_Frontend;A_22301-01;Sources/eRpApp/Screens/AppStartDomain.swift:251
gemSpec_IDP_Frontend;A_22301-01;Sources/eRpApp/Screens/AppStartDomain.swift:261
gemSpec_IDP_Frontend;A_22301-01;Sources/eRpApp/Screens/Main/MainDomain.swift:322
gemSpec_IDP_Frontend;A_22301-01;Sources/eRpApp/Screens/Main/ExtAuth/ExtAuthPendingDomain.swift:165
gemSpec_IDP_Frontend;A_22301-01;Sources/eRpApp/Screens/Main/ExtAuth/ExtAuthPendingDomain.swift:177
gemSpec_IDP_Frontend;A_22301-01;Sources/IDPLive/DefaultIDPSession.swift:497
gemSpec_IDP_Frontend;A_22301-01;Sources/IDPLive/DefaultIDPSession.swift:508
gemSpec_IDP_Frontend;A_22301-01;Sources/IDPLive/DefaultIDPSession.swift:517
gemSpec_IDP_Frontend;A_22301-01;Sources/IDPLive/DefaultIDPSession.swift:484
gemSpec_IDP_Frontend;A_22301-01;Tests/IDPLiveTests/DefaultIDPSessionTests.swift:1074
gemSpec_IDP_Frontend;A_22302-01;doc/manual/requirement-notes.md:64
gemSpec_IDP_Frontend;A_22302-01;Sources/IDPLive/RealIDPClient.swift:475
gemSpec_IDP_Frontend;A_22313-01;Sources/FeatureCardWall/ExtAuth/CardWallExtAuthConfirmationDomain.swift:129
gemSpec_IDP_Frontend;A_23082;Sources/FeatureCardWall/ExtAuth/CardWallExtAuthSelectionDomain.swift:124
gemSpec_IDP_Frontend;A_23082;Sources/IDPLive/DefaultIDPSession.swift:437
gemSpec_IDP_Frontend;A_23082;Tests/IDPLiveTests/DefaultIDPSessionTests.swift:980
gemSpec_IDP_Frontend;A_23082;Sources/FeatureCardWall/ExtAuth/CardWallExtAuthSelectionView.swift:62
gemSpec_IDP_Sek;A_22299;Sources/FeatureCardWall/Introduction/CardWallIntroductionDomain.swift:265
gemSpec_IDP_Sek;A_22313-01;Sources/FeatureCardWall/Introduction/CardWallIntroductionDomain.swift:272
gemSpec_Krypt;A_17205;doc/manual/requirement-notes.md:21
gemSpec_Krypt;A_17207;Sources/IDPLive/IDPDirectoryKKApps+JWTSignatureVerifier.swift:49
gemSpec_Krypt;A_17207;Sources/FeatureCardWall/ReadCard/NFCSignatureProvider.swift:335
gemSpec_Krypt;A_17207;Sources/FeatureCardWall/ReadCard/NFCSignatureProvider.swift:587
gemSpec_Krypt;A_17207;Sources/FeatureCardWall/ReadCard/NFCSignatureProvider.swift:636
gemSpec_Krypt;A_17207;Sources/IDPLive/DefaultIDPSession.swift:301
gemSpec_Krypt;A_17207;Sources/IDPLive/DefaultIDPSession.swift:639
gemSpec_Krypt;A_17207;Sources/IDPLive/IDPDirectoryKKApps+JWTSignatureVerifier.swift:39
gemSpec_Krypt;A_17207;doc/manual/requirement-notes.md:6
gemSpec_Krypt;A_17359;doc/manual/requirement-notes.md:7
gemSpec_Krypt;A_17775;doc/manual/requirement-notes.md:22
gemSpec_Krypt;A_18464;Sources/HTTPClientLive/DefaultHTTPClient.swift:48
gemSpec_Krypt;A_18467;Sources/HTTPClientLive/DefaultHTTPClient.swift:48
gemSpec_Krypt;A_19215;doc/manual/requirement-notes.md:23
gemSpec_Krypt;A_20161-01;Sources/VAUClient/internal/VAUCrypto.swift:36
gemSpec_Krypt;A_20161-01;Sources/VAUClient/VAUInterceptor.swift:63
gemSpec_Krypt;A_20161-01;Sources/VAUClient/VAUInterceptor.swift:98
gemSpec_Krypt;A_20161-01;Sources/VAUClient/internal/URLRequest+Serialize.swift:29
gemSpec_Krypt;A_20161-01;Sources/VAUClient/internal/VAUCrypto.swift:61
gemSpec_Krypt;A_20161-01;Sources/VAUClient/internal/VAUCrypto.swift:63
gemSpec_Krypt;A_20161-01;Sources/VAUClient/VAUInterceptor.swift:126
gemSpec_Krypt;A_20161-01;Sources/VAUClient/internal/VAUCrypto.swift:106
gemSpec_Krypt;A_20161-01;Sources/VAUClient/internal/VAUCrypto.swift:153
gemSpec_Krypt;A_20161-01;Sources/VAUClient/internal/VAUEndpointHandler.swift:34
gemSpec_Krypt;A_20163;Sources/VAUClient/internal/VAUCrypto.swift:44
gemSpec_Krypt;A_20174;Sources/VAUClient/VAUInterceptor.swift:166
gemSpec_Krypt;A_20174;Sources/VAUClient/VAUInterceptor.swift:77
gemSpec_Krypt;A_20174;Sources/VAUClient/internal/VAUEndpointHandler.swift:51
gemSpec_Krypt;A_20174;Sources/VAUClient/internal/VAUCrypto.swift:130
gemSpec_Krypt;A_20174;Sources/VAUClient/internal/VAUCrypto.swift:138
gemSpec_Krypt;A_20174;Sources/VAUClient/VAUInterceptor.swift:82
gemSpec_Krypt;A_20175;Sources/VAUClient/VAUStorage.swift:27
gemSpec_Krypt;A_20175;Sources/VAUClient/VAUStorage.swift:37
gemSpec_Krypt;A_20175;Sources/eRpApp/Session/StandardSessionContainer.swift:147
gemSpec_Krypt;A_20607;doc/manual/requirement-notes.md:23
gemSpec_Krypt;A_21216;Sources/TrustStore/internal/CertList.swift:26
gemSpec_Krypt;A_21216;Sources/TrustStore/internal/PKICertificates.swift:26
gemSpec_Krypt;A_21216;Sources/VAUClient/internal/VAUCertList.swift:26
gemSpec_Krypt;A_21216;Sources/TrustStore/DefaultTrustStoreSession.swift:231
gemSpec_Krypt;A_21216;Sources/TrustStore/DefaultTrustStoreSession.swift:249
gemSpec_Krypt;A_21216;Sources/TrustStore/DefaultTrustStoreSession.swift:274
gemSpec_Krypt;A_21217;Sources/TrustStore/internal/OCSPList.swift:25
gemSpec_Krypt;A_21218;Tests/TrustStoreTests/X509TrustStoreTests.swift:432
gemSpec_Krypt;A_21218;Sources/Settings/AppConfiguration.swift:151
gemSpec_Krypt;A_21218;Sources/TrustStore/DefaultTrustStoreSession.swift:84
gemSpec_Krypt;A_21218;Sources/TrustStore/DefaultTrustStoreSession.swift:290
gemSpec_Krypt;A_21218;Sources/TrustStore/TrustStoreSession.swift:28
gemSpec_Krypt;A_21218;Tests/TrustStoreTests/X509TrustStoreTests.swift:351
gemSpec_Krypt;A_21218;Tests/TrustStoreTests/X509TrustStoreTests.swift:371
gemSpec_Krypt;A_21218;Tests/TrustStoreTests/X509TrustStoreTests.swift:392
gemSpec_Krypt;A_21218;Tests/TrustStoreTests/X509TrustStoreTests.swift:412
gemSpec_Krypt;A_21218;doc/manual/requirement-notes.md:15
gemSpec_Krypt;A_21222;Sources/TrustStore/TrustStoreSession.swift:28
gemSpec_Krypt;A_21222;doc/manual/requirement-notes.md:12
gemSpec_Krypt;A_21222;Sources/TrustStore/DefaultTrustStoreSession.swift:84
gemSpec_Krypt;A_21222;Sources/IDPLive/DefaultIDPSession.swift:279
gemSpec_Krypt;A_21222;Sources/VAUClient/VAUCertificate.swift:38
gemSpec_Krypt;A_24469;Sources/Settings/AppConfiguration.swift:152
gemSpec_Krypt;A_24470;doc/manual/requirement-notes.md:17
gemSpec_Krypt;A_24470;Sources/TrustStore/X509TrustStore.swift:27
gemSpec_Krypt;A_25058;Sources/TrustStore/DefaultTrustStoreSession.swift:188
gemSpec_Krypt;A_25059;Sources/TrustStore/DefaultTrustStoreSession.swift:275
gemSpec_Krypt;A_25060;Sources/TrustStore/DefaultTrustStoreSession.swift:176
gemSpec_Krypt;A_25060;Sources/TrustStore/DefaultTrustStoreSession.swift:218
gemSpec_Krypt;A_25060;Sources/TrustStore/X509TrustStore.swift:166
gemSpec_Krypt;A_25060;Sources/TrustStore/X509TrustStore.swift:203
gemSpec_Krypt;A_25060;Sources/TrustStore/X509TrustStore.swift:235
gemSpec_Krypt;A_25061;Sources/TrustStore/DefaultTrustStoreSession.swift:177
gemSpec_Krypt;A_25061;Sources/TrustStore/DefaultTrustStoreSession.swift:219
gemSpec_Krypt;A_25062;doc/manual/requirement-notes.md:16
gemSpec_Krypt;A_25063;Sources/TrustStore/X509TrustStore.swift:289
gemSpec_Krypt;A_25063;Sources/TrustStore/X509TrustStore.swift:56
gemSpec_Krypt;A_25063;Sources/TrustStore/X509TrustStore.swift:195
gemSpec_Krypt;A_25063;Sources/TrustStore/X509TrustStore.swift:202
gemSpec_Krypt;A_25063;Sources/TrustStore/X509TrustStore.swift:214
gemSpec_Krypt;A_25063;Sources/TrustStore/X509TrustStore.swift:223
gemSpec_Krypt;A_25063;Sources/TrustStore/X509TrustStore.swift:234
gemSpec_Krypt;A_25063;Sources/TrustStore/X509TrustStore.swift:258
gemSpec_Krypt;A_25063;Sources/TrustStore/X509TrustStore.swift:269
gemSpec_Krypt;A_25063;Sources/TrustStore/DefaultTrustStoreSession.swift:189
gemSpec_Krypt;A_4389;Sources/VAUClient/internal/VAUCrypto.swift:110
gemSpec_Krypt;A_A_25061;Sources/TrustStore/X509TrustStore.swift:290
gemSpec_Krypt;GS-A_4357;Sources/IDP/internal/IDPCrypto.swift:30
gemSpec_Krypt;GS-A_4357;Sources/IDP/internal/JWT/JWE+KDF.swift:49
gemSpec_Krypt;GS-A_4357;Sources/VAUClient/internal/VAUCrypto.swift:112
gemSpec_Krypt;GS-A_4357-01;Sources/FeatureCardWall/ReadCard/NFCSignatureProvider.swift:336
gemSpec_Krypt;GS-A_4357-01;Sources/FeatureCardWall/ReadCard/NFCSignatureProvider.swift:588
gemSpec_Krypt;GS-A_4357-01;Sources/FeatureCardWall/ReadCard/NFCSignatureProvider.swift:637
gemSpec_Krypt;GS-A_4357-01;Sources/IDPLive/DefaultIDPSession.swift:302
gemSpec_Krypt;GS-A_4357-01;Sources/IDPLive/DefaultIDPSession.swift:641
gemSpec_Krypt;GS-A_4357-01;Sources/IDPLive/IDPDirectoryKKApps+JWTSignatureVerifier.swift:40
gemSpec_Krypt;GS-A_4357-01;Sources/IDPLive/IDPDirectoryKKApps+JWTSignatureVerifier.swift:50
gemSpec_Krypt;GS-A_4357-02;Sources/FeatureCardWall/ReadCard/NFCSignatureProvider.swift:336
gemSpec_Krypt;GS-A_4357-02;Sources/FeatureCardWall/ReadCard/NFCSignatureProvider.swift:588
gemSpec_Krypt;GS-A_4357-02;Sources/FeatureCardWall/ReadCard/NFCSignatureProvider.swift:637
gemSpec_Krypt;GS-A_4357-02;Sources/IDPLive/DefaultIDPSession.swift:302
gemSpec_Krypt;GS-A_4357-02;Sources/IDPLive/DefaultIDPSession.swift:641
gemSpec_Krypt;GS-A_4357-02;Sources/IDPLive/IDPDirectoryKKApps+JWTSignatureVerifier.swift:40
gemSpec_Krypt;GS-A_4357-02;Sources/IDPLive/IDPDirectoryKKApps+JWTSignatureVerifier.swift:50
gemSpec_Krypt;GS-A_4361-02;Sources/FeatureCardWall/ReadCard/NFCSignatureProvider.swift:336
gemSpec_Krypt;GS-A_4361-02;Sources/FeatureCardWall/ReadCard/NFCSignatureProvider.swift:588
gemSpec_Krypt;GS-A_4361-02;Sources/FeatureCardWall/ReadCard/NFCSignatureProvider.swift:637
gemSpec_Krypt;GS-A_4361-02;Sources/IDPLive/DefaultIDPSession.swift:303
gemSpec_Krypt;GS-A_4361-02;Sources/IDPLive/DefaultIDPSession.swift:641
gemSpec_Krypt;GS-A_4361-02;Sources/IDPLive/IDPDirectoryKKApps+JWTSignatureVerifier.swift:40
gemSpec_Krypt;GS-A_4361-02;Sources/IDPLive/IDPDirectoryKKApps+JWTSignatureVerifier.swift:50
gemSpec_Krypt;GS-A_4367;Sources/IDP/internal/IDPCrypto.swift:30
gemSpec_Krypt;GS-A_4367;Sources/IDP/internal/JWT/JWE+KDF.swift:50
gemSpec_Krypt;GS-A_4367;Sources/IDP/internal/SecKeyRandom.swift:28
gemSpec_Krypt;GS-A_4367;Sources/VAUClient/internal/VAUCrypto.swift:113
gemSpec_Krypt;GS-A_4367;Sources/VAUClient/internal/VAURandom.swift:29
gemSpec_Krypt;GS-A_4367;doc/manual/requirement-notes.md:13
gemSpec_Krypt;GS-A_4368;Sources/IDP/internal/IDPCrypto.swift:79
gemSpec_Krypt;GS-A_4368;Sources/VAUClient/internal/VAUCrypto.swift:166
gemSpec_Krypt;GS-A_4368;doc/manual/requirement-notes.md:13
gemSpec_Krypt;GS-A_4385;Sources/HTTPClientLive/DefaultHTTPClient.swift:48
gemSpec_Krypt;GS-A_4387;Sources/HTTPClientLive/DefaultHTTPClient.swift:48
gemSpec_Krypt;GS-A_4389;Sources/IDP/internal/IDPCrypto.swift:74
gemSpec_Krypt;GS-A_4389;Sources/IDP/internal/IDPCrypto.swift:77
gemSpec_Krypt;GS-A_4389;Sources/VAUClient/internal/VAUCrypto.swift:164
gemSpec_Krypt;GS-A_4389;Sources/VAUClient/internal/VAUCrypto.swift:179
gemSpec_Krypt;GS-A_4390;Sources/AVS/AVSCmsEncrypter.swift:33
gemSpec_Krypt;GS−A_5035;doc/manual/requirement-notes.md:23
gemSpec_Krypt;GS−A_5322;doc/manual/requirement-notes.md:24
gemSpec_Krypt;GS−A_5339;doc/manual/requirement-notes.md:22
gemSpec_Krypt;GS−A_5526;doc/manual/requirement-notes.md:25
gemSpec_Krypt;GS−A_5542;doc/manual/requirement-notes.md:25
gemSpec_eRp_APOVZD;A_21154;Sources/eRpApp/Screens/Pharmacy/Search/PharmacySearchDomain.swift:519
gemSpec_eRp_FdV;A_19086;doc/manual/requirement-notes.md:58
gemSpec_eRp_FdV;A_19087;doc/manual/requirement-notes.md:58
gemSpec_eRp_FdV;A_19087;Sources/eRpApp/Tracking/ContentSquareAnalyticsAdapter.swift:31
gemSpec_eRp_FdV;A_19088;Sources/eRpApp/Screens/Onboarding/OnboardingDomain.swift:127
gemSpec_eRp_FdV;A_19089-01;doc/manual/requirement-notes.md:33
gemSpec_eRp_FdV;A_19089-01;Sources/eRpApp/Screens/Onboarding/OnboardingDomain.swift:130
gemSpec_eRp_FdV;A_19089-01;Sources/eRpApp/Screens/Settings/SettingsView.swift:61
gemSpec_eRp_FdV;A_19089-01;Sources/eRpApp/Screens/Settings/SettingsView.swift:151
gemSpec_eRp_FdV;A_19090;Sources/eRpApp/Tracking/ContentSquareAnalyticsAdapter.swift:77
gemSpec_eRp_FdV;A_19090-01;Sources/eRpApp/SceneDelegate.swift:319
gemSpec_eRp_FdV;A_19090-01;Sources/eRpApp/Screens/Onboarding/OnboardingDomain.swift:134
gemSpec_eRp_FdV;A_19090-01;Sources/eRpApp/Screens/Settings/SettingsDomain.swift:188
gemSpec_eRp_FdV;A_19090-01;Sources/eRpApp/Tracking/ContentSquareAnalyticsAdapter.swift:61
gemSpec_eRp_FdV;A_19090-01;doc/manual/requirement-notes.md:33
gemSpec_eRp_FdV;A_19091-01;doc/manual/requirement-notes.md:33
gemSpec_eRp_FdV;A_19091-01;Sources/eRpApp/Screens/Onboarding/OnboardingDomain.swift:127
gemSpec_eRp_FdV;A_19091-01;Sources/eRpApp/Screens/Onboarding/OnboardingDomain.swift:134
gemSpec_eRp_FdV;A_19091-01;Sources/eRpApp/Screens/Settings/SettingsDomain.swift:180
gemSpec_eRp_FdV;A_19091-01;Sources/eRpApp/Screens/Settings/SettingsDomain.swift:188
gemSpec_eRp_FdV;A_19092-01;doc/manual/requirement-notes.md:33
gemSpec_eRp_FdV;A_19092-01;Sources/eRpApp/Screens/Onboarding/OnboardingDomain.swift:127
gemSpec_eRp_FdV;A_19092-01;Sources/eRpApp/Screens/Onboarding/OnboardingDomain.swift:139
gemSpec_eRp_FdV;A_19093-01;doc/manual/requirement-notes.md:59
gemSpec_eRp_FdV;A_19093-01;Sources/eRpApp/Tracking/AnalyticsReducer.swift:54
gemSpec_eRp_FdV;A_19094-01;doc/manual/requirement-notes.md:59
gemSpec_eRp_FdV;A_19095;Sources/eRpApp/Tracking/ContentSquareAnalyticsAdapter.swift:92
gemSpec_eRp_FdV;A_19096-01;doc/manual/requirement-notes.md:34
gemSpec_eRp_FdV;A_19096-01;Sources/eRpApp/Tracking/ContentSquareAnalyticsAdapter.swift:80
gemSpec_eRp_FdV;A_19097-01;doc/manual/requirement-notes.md:34
gemSpec_eRp_FdV;A_19097-01;Sources/eRpApp/Screens/Settings/SettingsView.swift:129
gemSpec_eRp_FdV;A_19176;doc/manual/requirement-notes.md:32
gemSpec_eRp_FdV;A_19177;doc/manual/requirement-notes.md:128
gemSpec_eRp_FdV;A_19177;Sources/eRpApp/Screens/Settings/Profiles/Protocol/AuditEventsView.swift:29
gemSpec_eRp_FdV;A_19177;Sources/eRpApp/Screens/Settings/Profiles/Edit/EditProfileView.swift:498
gemSpec_eRp_FdV;A_19178;doc/manual/requirement-notes.md:35
gemSpec_eRp_FdV;A_19179;doc/manual/requirement-notes.md:36
gemSpec_eRp_FdV;A_19179;Sources/IDP/internal/IDPCrypto.swift:69
gemSpec_eRp_FdV;A_19179;Sources/IDP/internal/IDPCrypto.swift:78
gemSpec_eRp_FdV;A_19179;Sources/IDP/internal/JWT/JWE+KDF.swift:55
gemSpec_eRp_FdV;A_19179;Sources/VAUClient/internal/VAUCrypto.swift:115
gemSpec_eRp_FdV;A_19179;Sources/VAUClient/internal/VAUCrypto.swift:165
gemSpec_eRp_FdV;A_19181-01;doc/manual/requirement-notes.md:37
gemSpec_eRp_FdV;A_19181-01;doc/manual/requirement-notes.md:191
gemSpec_eRp_FdV;A_19182;doc/manual/requirement-notes.md:39
gemSpec_eRp_FdV;A_19182;doc/manual/requirement-notes.md:109
gemSpec_eRp_FdV;A_19183;doc/manual/requirement-notes.md:67
gemSpec_eRp_FdV;A_19183;doc/manual/requirement-notes.md:74
gemSpec_eRp_FdV;A_19184;Sources/eRpApp/Screens/Onboarding/OnboardingAnalyticsView.swift:41
gemSpec_eRp_FdV;A_19185;doc/manual/requirement-notes.md:40
gemSpec_eRp_FdV;A_19185;Sources/eRpApp/Screens/Settings/Profiles/Protocol/AuditEventsView.swift:29
gemSpec_eRp_FdV;A_19185;Sources/eRpApp/Screens/Settings/Profiles/Edit/EditProfileView.swift:498
gemSpec_eRp_FdV;A_19186;Sources/eRpApp/Session/KeychainStorage.swift:31
gemSpec_eRp_FdV;A_19187;Sources/VAUClient/VAUInterceptor.swift:54
gemSpec_eRp_FdV;A_19188;doc/manual/requirement-notes.md:18
gemSpec_eRp_FdV;A_19188;Sources/eRpApp/Session/KeychainStorage.swift:32
gemSpec_eRp_FdV;A_19229-01;doc/manual/requirement-notes.md:19
gemSpec_eRp_FdV;A_19229-01;Sources/eRpApp/Screens/Main/PrescriptionDetail/PrescriptionDetailDomain.swift:239
gemSpec_eRp_FdV;A_19229-01;Sources/eRpApp/Screens/Main/PrescriptionDetail/PrescriptionDetailDomain.swift:250
gemSpec_eRp_FdV;A_19480;Sources/IDP/IDPSession.swift:40
gemSpec_eRp_FdV;A_19480;Sources/IDP/IDPStorage.swift:50
gemSpec_eRp_FdV;A_19739;doc/manual/requirement-notes.md:57
gemSpec_eRp_FdV;A_19739;Sources/TrustStore/DefaultTrustStoreSession.swift:99
gemSpec_eRp_FdV;A_19739;Sources/TrustStore/TrustStoreSession.swift:32
gemSpec_eRp_FdV;A_19739;Sources/TrustStore/TrustStoreSession.swift:41
gemSpec_eRp_FdV;A_19979;doc/manual/requirement-notes.md:30
gemSpec_eRp_FdV;A_19979;doc/manual/requirement-notes.md:107
gemSpec_eRp_FdV;A_19980;doc/manual/requirement-notes.md:29
gemSpec_eRp_FdV;A_19980;Sources/eRpApp/Screens/Settings/DataPrivacy/DataPrivacyView.swift:30
gemSpec_eRp_FdV;A_19981;doc/manual/requirement-notes.md:28
gemSpec_eRp_FdV;A_19982;doc/manual/requirement-notes.md:27
gemSpec_eRp_FdV;A_19982;Sources/eRpApp/Screens/Settings/SettingsDomain.swift:177
gemSpec_eRp_FdV;A_19982;Sources/eRpApp/Screens/Settings/SettingsView.swift:61
gemSpec_eRp_FdV;A_19982;Sources/eRpApp/Screens/Settings/SettingsView.swift:132
gemSpec_eRp_FdV;A_19983;doc/manual/requirement-notes.md:26
gemSpec_eRp_FdV;A_19984;Sources/FHIRVZD/FHIRClient+HealthcareServiceOperation.swift:34
gemSpec_eRp_FdV;A_19984;Sources/FHIRVZD/HealthcareServiceFHIRClient.swift:34
gemSpec_eRp_FdV;A_19984;Sources/eRpKit/ScannedErxTask.swift:66
gemSpec_eRp_FdV;A_19984;Sources/eRpKit/ScannedErxTask.swift:120
gemSpec_eRp_FdV;A_19984;Sources/eRpRemoteStorage/FHIRClient+ErxTaskOperation.swift:262
gemSpec_eRp_FdV;A_20032-01;doc/manual/requirement-notes.md:14
gemSpec_eRp_FdV;A_20032-01;Sources/TrustStore/X509TrustStore.swift:28
gemSpec_eRp_FdV;A_20032-01;Sources/TrustStore/X509TrustStore.swift:196
gemSpec_eRp_FdV;A_20033;doc/manual/requirement-notes.md:57
gemSpec_eRp_FdV;A_20167-02;Sources/eRpApp/Data/PrescriptionRepository.swift:177
gemSpec_eRp_FdV;A_20167-02;Sources/eRpApp/Screens/Pharmacy/RedeemService/RedeemService.swift:193
gemSpec_eRp_FdV;A_20167-02;Sources/eRpApp/Screens/Pharmacy/RedeemService/RedeemService.swift:214
gemSpec_eRp_FdV;A_20167-02;Sources/IDPLive/IDPInterceptor.swift:56
gemSpec_eRp_FdV;A_20167-02;Sources/IDPLive/IDPInterceptor.swift:62
gemSpec_eRp_FdV;A_20172;Sources/FeatureCardWall/ReadCard/CardWallReadCardDomain.Environment+Profile.swift:99
gemSpec_eRp_FdV;A_20172;Sources/FeatureCardWall/ReadCard/CardWallReadCardDomain.Environment+Profile.swift:146
gemSpec_eRp_FdV;A_20172;Sources/eRpApp/Data/PrescriptionRepository.swift:177
gemSpec_eRp_FdV;A_20172;Sources/eRpApp/Screens/Pharmacy/RedeemService/RedeemService.swift:193
gemSpec_eRp_FdV;A_20172;Sources/eRpApp/Screens/Pharmacy/RedeemService/RedeemService.swift:214
gemSpec_eRp_FdV;A_20181-01;doc/manual/requirement-notes.md:63
gemSpec_eRp_FdV;A_20181-01;Sources/eRpApp/Screens/MatrixCode/MatrixCodeView.swift:38
gemSpec_eRp_FdV;A_20182;doc/manual/requirement-notes.md:65
gemSpec_eRp_FdV;A_20183;Sources/FHIRVZD/HealthcareServiceFHIRDataSource.swift:50
gemSpec_eRp_FdV;A_20183;Sources/Pharmacy/PharmacyRemoteDataStore.swift:46
gemSpec_eRp_FdV;A_20183;Sources/eRpApp/Screens/Pharmacy/Search/PharmacySearchDomain.swift:402
gemSpec_eRp_FdV;A_20183;Sources/eRpApp/Screens/Pharmacy/Search/PharmacySearchMapDomain.swift:242
gemSpec_eRp_FdV;A_20184;Sources/eRpApp/Dependencies+FhirClient.swift:152
gemSpec_eRp_FdV;A_20184;Sources/eRpApp/Session/KeychainStorage.swift:141
gemSpec_eRp_FdV;A_20184;Sources/eRpApp/Session/StandardSessionContainer.swift:105
gemSpec_eRp_FdV;A_20184;Sources/eRpApp/Session/StandardSessionContainer.swift:124
gemSpec_eRp_FdV;A_20185;Sources/eRpApp/Screens/Settings/SettingsDomain.swift:183
gemSpec_eRp_FdV;A_20185;doc/manual/requirement-notes.md:133
gemSpec_eRp_FdV;A_20186;Sources/eRpApp/Session/KeychainStorage.swift:266
gemSpec_eRp_FdV;A_20186;Sources/eRpApp/Session/ProfileSecureDataWiper.swift:54
gemSpec_eRp_FdV;A_20186;Sources/eRpApp/Session/SecureStorage/IDPStorageClient.swift:120
gemSpec_eRp_FdV;A_20187;Sources/eRpApp/Screens/Settings/SettingsDomain.swift:183
gemSpec_eRp_FdV;A_20193;doc/manual/requirement-notes.md:60
gemSpec_eRp_FdV;A_20194;doc/manual/requirement-notes.md:60
gemSpec_eRp_FdV;A_20202;doc/manual/requirement-notes.md:60
gemSpec_eRp_FdV;A_20206;Sources/HTTPClientLive/DefaultHTTPClient.swift:50
gemSpec_eRp_FdV;A_20208;Sources/FHIRVZD/HealthcareServiceFHIROperation.swift:33
gemSpec_eRp_FdV;A_20285;Sources/eRpApp/Screens/Pharmacy/Search/PharmacySearchDomain.swift:411
gemSpec_eRp_FdV;A_20285;Sources/eRpApp/Screens/Pharmacy/Search/PharmacySearchMapDomain.swift:252
gemSpec_eRp_FdV;A_20603;Sources/eRpApp/Screens/Main/PrescriptionDetail/PrescriptionDetailDomain.swift:123
gemSpec_eRp_FdV;A_20603;Sources/eRpApp/Screens/MatrixCode/MatrixCodeDomain.swift:119
gemSpec_eRp_FdV;A_22778-01;doc/manual/requirement-notes.md:61
gemSpec_eRp_FdV;A_22778-01;Sources/AVS/AVSCmsEncrypter.swift:27
gemSpec_eRp_FdV;A_22778-01;Sources/AVS/AVSCmsEncrypter.swift:34
gemSpec_eRp_FdV;A_22779-01;doc/manual/requirement-notes.md:62
gemSpec_eRp_FdV;A_22779-01;Sources/AVS/AVSMessageConverter.swift:48
gemSpec_eRp_FdV;A_22779-01;Sources/AVS/AVSCmsEncrypter.swift:36
gemSpec_eRp_FdV;A_24525;doc/manual/requirement-notes.md:38
gemSpec_eRp_FdV;A_24525;Sources/eRpApp/Tracking/ContentSquareAnalyticsAdapter.swift:55
gemSpec_eRp_FdV;A_24579;doc/manual/requirement-notes.md:66
gemSpec_eRp_FdV;A_24857;Sources/eRpApp/SceneDelegate.swift:197
gemSpec_eRp_FdV;A_25063;Sources/TrustStore/X509TrustStore.swift:29